date,text,brand
2025-01-05,"Love the quality and fast delivery from Nike!",Nike
2025-01-06,"Adidas shoes arrived late and the size was wrong",Adidas
2025-01-07,"Great price point but packaging was damaged",Nike
2025-01-08,"Customer support from Adidas was unhelpful and slow",Adidas
2025-01-09,"Quality is amazing. Delivery was on time!",Nike
2025-01-10,"Price is too high and delivery took forever",Adidas
2025-01-11,"Nike's new model feels comfortable and premium",Nike
2025-01-12,"Adidas quality is not consistent lately",Adidas
2025-01-13,"Love Puma's lightweight design and quick shipping",Puma
2025-01-14,"Puma support resolved my issue fast",Puma
2025-01-15,"Delivery delays again from Adidas",Adidas
2025-01-16,"Nike sizing is perfect and comfortable",Nike
2025-01-17,"Puma shoes arrived damaged and box was torn",Puma
2025-01-18,"Reebok trainers are sturdy but came late",Reebok
2025-01-19,"Adidas customer service ignored my emails",Adidas
2025-01-20,"Nike quality dropped this season",Nike
2025-01-21,"Reebok price is fair and delivery was timely",Reebok
2025-01-22,"Absolutely love the Adidas Ultraboost comfort",Adidas
2025-01-23,"Puma price hike is disappointing",Puma
2025-01-24,"Nike app made ordering easy and delivery was fast",Nike
2025-01-25,"Reebok exchanged my size quickly",Reebok
2025-01-26,"Adidas stitching came undone after a week",Adidas
2025-01-27,"Nike refund process was smooth",Nike
2025-01-28,"Puma outsole wore out too quickly",Puma
2025-01-29,"Reebok packaging was neat and eco-friendly",Reebok
2025-01-30,"Adidas sent the wrong color twice",Adidas
2025-01-31,"Nike shipped earlier than expected",Nike
2025-02-01,"Puma insoles are uncomfortable",Puma
2025-02-02,"Reebok quality exceeded expectations",Reebok
2025-02-03,"Adidas delivery experience keeps getting worse",Adidas
2025-02-04,"Nike customer care was super responsive",Nike
2025-02-05,"Puma delivery was on time but box dented",Puma
2025-02-06,"Reebok sizing runs small",Reebok
2025-02-07,"Adidas price is great during sale",Adidas
2025-02-08,"Nike colorways look amazing this year",Nike
2025-02-09,"Puma delayed shipment without updates",Puma
2025-02-10,"Reebok support was rude and unhelpful",Reebok
2025-02-11,"Adidas quality improved compared to last year",Adidas
2025-02-12,"Nike soles started peeling after a month",Nike
2025-02-13,"Puma refund took forever",Puma
2025-02-14,"Reebok delivered next day, impressed!",Reebok
2025-02-15,"New Balance cushioning feels great on long runs",New Balance
2025-02-16,"Under Armour shipment arrived a week late",Under Armour
2025-02-17,"Asics gel sole is super comfortable",Asics
2025-02-18,"Converse canvas quality feels thinner this year",Converse
2025-02-19,"Skechers delivery was fast and packaging intact",Skechers
2025-02-20,"New Balance size runs a bit small",New Balance
2025-02-21,"Under Armour refunded quickly after wrong size",Under Armour
2025-02-22,"Asics support took too long to respond",Asics
2025-02-23,"Converse colors are vibrant and true to photos",Converse
2025-02-24,"Skechers price is very reasonable",Skechers
2025-02-25,"New Balance delivery delays without updates",New Balance
2025-02-26,"Under Armour build quality exceeded expectations",Under Armour
2025-02-27,"Asics outsole wore down faster than expected",Asics
2025-02-28,"Converse exchange process was smooth",Converse
2025-03-01,"Skechers comfort is amazing for all-day wear",Skechers
2025-03-02,"New Balance customer service ignored my emails",New Balance
2025-03-03,"Under Armour laces snapped within a week",Under Armour
2025-03-04,"Asics delivered next day, impressive!",Asics
2025-03-05,"Converse delivered wrong color twice",Converse
2025-03-06,"Skechers stitching came undone after a month",Skechers
